what,kind,bundleId,bundleVersion,description,time
activated,workbench,org.eclipse.ui.workbench,3.7.1.v20120104-1859,"",1442414714586
activated,editor,org.eclipse.jdt.ui,3.7.2.v20120109-1427,"org.eclipse.jdt.ui.CompilationUnitEditor",1442414715211
executed,command,,,"AUTOGEN:::org.eclipse.jdt.debug.CompilationUnitEditor.BreakpointRulerActions/org.eclipse.jdt.debug.ui.actions.ManageBreakpointRulerAction",1442414716607
activated,view,org.eclipse.ui.console,3.5.100.v20111007_r372,"org.eclipse.ui.console.ConsoleView",1442414719332
activated,editor,org.eclipse.jdt.ui,3.7.2.v20120109-1427,"org.eclipse.jdt.ui.CompilationUnitEditor",1442414720486
started,bundle,org.eclipse.ui.navigator,3.5.101.v20120106-1355,"org.eclipse.ui.navigator",1442414722259
started,bundle,org.eclipse.wst.server.core,1.1.304.v20120208_1420,"org.eclipse.wst.server.core",1442414722348
started,bundle,org.eclipse.wst.server.ui,1.3.0.v20120210_1439,"org.eclipse.wst.server.ui",1442414722394
opened,view,org.eclipse.wst.server.ui,1.3.0.v20120210_1439,"org.eclipse.wst.server.ui.ServersView",1442414722840
activated,view,org.eclipse.wst.server.ui,1.3.0.v20120210_1439,"org.eclipse.wst.server.ui.ServersView",1442414722876
activated,editor,org.eclipse.jdt.ui,3.7.2.v20120109-1427,"org.eclipse.jdt.ui.CompilationUnitEditor",1442414723892
activated,editor,org.eclipse.jdt.ui,3.7.2.v20120109-1427,"org.eclipse.jdt.ui.CompilationUnitEditor",1442414724766
executed,command,org.eclipse.jdt.debug.ui,3.6.1.v20111006_r372,"org.eclipse.jdt.debug.ui.localJavaShortcut.debug",1442414838858
started,bundle,org.eclipse.wst.common.frameworks,1.2.102.v201201190400,"org.eclipse.wst.common.frameworks",1442414838981
started,bundle,org.eclipse.emf.common,2.7.0.v20120127-1122,"org.eclipse.emf.common",1442414839009
started,bundle,org.eclipse.emf.ecore,2.7.0.v20120127-1122,"org.eclipse.emf.ecore",1442414839163
started,bundle,org.eclipse.wst.common.emf,1.2.100.v201101101900,"org.eclipse.wst.common.emf",1442414839178
started,bundle,org.eclipse.jem.util,2.1.100.v201103021400,"org.eclipse.jem.util",1442414839207
started,bundle,org.eclipse.emf.ecore.xmi,2.7.0.v20120127-1122,"org.eclipse.emf.ecore.xmi",1442414839225
started,bundle,org.eclipse.wst.common.emfworkbench.integration,1.2.101.v201107140600,"org.eclipse.wst.common.emfworkbench.integration",1442414839227
started,bundle,org.eclipse.wst.common.core,1.2.0.v200908252030,"org.eclipse.wst.common.core",1442414839297
started,bundle,org.eclipse.wst.common.modulecore,1.2.103.v201201190400,"org.eclipse.wst.common.modulecore",1442414839306
deactivated,workbench,org.eclipse.ui.workbench,3.7.1.v20120104-1859,"",1442414839345
activated,workbench,org.eclipse.ui.workbench,3.7.1.v20120104-1859,"",1442414840243
activated,view,org.eclipse.debug.ui,3.7.102.v20111129-1423_r372,"org.eclipse.debug.ui.DebugView",1442414842884
activated,editor,org.eclipse.jdt.ui,3.7.2.v20120109-1427,"org.eclipse.jdt.ui.CompilationUnitEditor",1442414843688
activated,view,org.eclipse.ui.console,3.5.100.v20111007_r372,"org.eclipse.ui.console.ConsoleView",1442414847848
activated,editor,org.eclipse.jdt.ui,3.7.2.v20120109-1427,"org.eclipse.jdt.ui.CompilationUnitEditor",1442414852816
executed,command,org.eclipse.debug.ui,3.7.102.v20111129-1423_r372,"org.eclipse.debug.ui.commands.StepOver",1442414860626
executed,command,org.eclipse.debug.ui,3.7.102.v20111129-1423_r372,"org.eclipse.debug.ui.commands.StepOver",1442414861296
executed,command,org.eclipse.debug.ui,3.7.102.v20111129-1423_r372,"org.eclipse.debug.ui.commands.StepOver",1442414879249
activated,view,org.eclipse.ui.console,3.5.100.v20111007_r372,"org.eclipse.ui.console.ConsoleView",1442414884359
activated,editor,org.eclipse.jdt.ui,3.7.2.v20120109-1427,"org.eclipse.jdt.ui.CompilationUnitEditor",1442414888941
opened,editor,org.eclipse.jdt.ui,3.7.2.v20120109-1427,"org.eclipse.jdt.ui.CompilationUnitEditor",1442414890683
activated,editor,org.eclipse.jdt.ui,3.7.2.v20120109-1427,"org.eclipse.jdt.ui.CompilationUnitEditor",1442414890741
activated,editor,org.eclipse.jdt.ui,3.7.2.v20120109-1427,"org.eclipse.jdt.ui.CompilationUnitEditor",1442414892918
executed,command,org.eclipse.ui,3.7.0.v20110928-1505,"org.eclipse.ui.navigate.backwardHistory",1442414892930
deactivated,workbench,org.eclipse.ui.workbench,3.7.1.v20120104-1859,"",1442414895072
activated,workbench,org.eclipse.ui.workbench,3.7.1.v20120104-1859,"",1442414895205
opened,editor,org.eclipse.jdt.ui,3.7.2.v20120109-1427,"org.eclipse.jdt.ui.CompilationUnitEditor",1442414895543
activated,editor,org.eclipse.jdt.ui,3.7.2.v20120109-1427,"org.eclipse.jdt.ui.CompilationUnitEditor",1442414895597
deactivated,workbench,org.eclipse.ui.workbench,3.7.1.v20120104-1859,"",1442414900610
activated,workbench,org.eclipse.ui.workbench,3.7.1.v20120104-1859,"",1442414900686
deactivated,workbench,org.eclipse.ui.workbench,3.7.1.v20120104-1859,"",1442414953817
activated,workbench,org.eclipse.ui.workbench,3.7.1.v20120104-1859,"",1442414953956
opened,editor,org.eclipse.jdt.ui,3.7.2.v20120109-1427,"org.eclipse.jdt.ui.ClassFileEditor",1442414954255
activated,editor,org.eclipse.jdt.ui,3.7.2.v20120109-1427,"org.eclipse.jdt.ui.ClassFileEditor",1442414954323
deactivated,workbench,org.eclipse.ui.workbench,3.7.1.v20120104-1859,"",1442414958746
activated,workbench,org.eclipse.ui.workbench,3.7.1.v20120104-1859,"",1442414958864
deactivated,workbench,org.eclipse.ui.workbench,3.7.1.v20120104-1859,"",1442414962952
activated,workbench,org.eclipse.ui.workbench,3.7.1.v20120104-1859,"",1442414963051
deactivated,workbench,org.eclipse.ui.workbench,3.7.1.v20120104-1859,"",1442414963469
activated,workbench,org.eclipse.ui.workbench,3.7.1.v20120104-1859,"",1442414964623
opened,editor,org.eclipse.jdt.ui,3.7.2.v20120109-1427,"org.eclipse.jdt.ui.ClassFileEditor",1442414964687
activated,editor,org.eclipse.jdt.ui,3.7.2.v20120109-1427,"org.eclipse.jdt.ui.ClassFileEditor",1442414964721
deactivated,workbench,org.eclipse.ui.workbench,3.7.1.v20120104-1859,"",1442414969170
activated,workbench,org.eclipse.ui.workbench,3.7.1.v20120104-1859,"",1442414969302
activated,editor,org.eclipse.jdt.ui,3.7.2.v20120109-1427,"org.eclipse.jdt.ui.ClassFileEditor",1442414969352
activated,editor,org.eclipse.jdt.ui,3.7.2.v20120109-1427,"org.eclipse.jdt.ui.ClassFileEditor",1442414982572
executed,command,org.eclipse.ui,3.7.0.v20110928-1505,"org.eclipse.ui.navigate.backwardHistory",1442414982588
activated,editor,org.eclipse.jdt.ui,3.7.2.v20120109-1427,"org.eclipse.jdt.ui.ClassFileEditor",1442414982733
executed,command,org.eclipse.ui,3.7.0.v20110928-1505,"org.eclipse.ui.navigate.backwardHistory",1442414982750
executed,command,org.eclipse.ui,3.7.0.v20110928-1505,"org.eclipse.ui.navigate.backwardHistory",1442414982882
executed,command,org.eclipse.ui,3.7.0.v20110928-1505,"org.eclipse.ui.navigate.backwardHistory",1442414982962
activated,editor,org.eclipse.jdt.ui,3.7.2.v20120109-1427,"org.eclipse.jdt.ui.CompilationUnitEditor",1442414983155
executed,command,org.eclipse.ui,3.7.0.v20110928-1505,"org.eclipse.ui.navigate.backwardHistory",1442414983172
executed,command,org.eclipse.ui,3.7.0.v20110928-1505,"org.eclipse.ui.navigate.backwardHistory",1442414983470
executed,command,org.eclipse.ui,3.7.0.v20110928-1505,"org.eclipse.ui.navigate.backwardHistory",1442414983660
activated,editor,org.eclipse.jdt.ui,3.7.2.v20120109-1427,"org.eclipse.jdt.ui.CompilationUnitEditor",1442414984251
executed,command,org.eclipse.ui,3.7.0.v20110928-1505,"org.eclipse.ui.navigate.backwardHistory",1442414984257
activated,view,org.eclipse.ui.console,3.5.100.v20111007_r372,"org.eclipse.ui.console.ConsoleView",1442414986486
activated,editor,org.eclipse.jdt.ui,3.7.2.v20120109-1427,"org.eclipse.jdt.ui.CompilationUnitEditor",1442414987266
deactivated,workbench,org.eclipse.ui.workbench,3.7.1.v20120104-1859,"",1442414989641
activated,workbench,org.eclipse.ui.workbench,3.7.1.v20120104-1859,"",1442414989649
activated,editor,org.eclipse.jdt.ui,3.7.2.v20120109-1427,"org.eclipse.jdt.ui.CompilationUnitEditor",1442415031771
executed,command,org.eclipse.jdt.debug.ui,3.6.1.v20111006_r372,"org.eclipse.jdt.debug.ui.localJavaShortcut.debug",1442415034457
deactivated,workbench,org.eclipse.ui.workbench,3.7.1.v20120104-1859,"",1442415034470
activated,workbench,org.eclipse.ui.workbench,3.7.1.v20120104-1859,"",1442415035298
activated,view,org.eclipse.debug.ui,3.7.102.v20111129-1423_r372,"org.eclipse.debug.ui.DebugView",1442415038559
activated,editor,org.eclipse.jdt.ui,3.7.2.v20120109-1427,"org.eclipse.jdt.ui.CompilationUnitEditor",1442415039375
executed,command,org.eclipse.debug.ui,3.7.102.v20111129-1423_r372,"org.eclipse.debug.ui.commands.StepOver",1442415041767
executed,command,org.eclipse.debug.ui,3.7.102.v20111129-1423_r372,"org.eclipse.debug.ui.commands.StepOver",1442415042550
executed,command,org.eclipse.debug.ui,3.7.102.v20111129-1423_r372,"org.eclipse.debug.ui.commands.StepInto",1442415044587
opened,editor,org.eclipse.jdt.ui,3.7.2.v20120109-1427,"org.eclipse.jdt.ui.ClassFileEditor",1442415044695
activated,editor,org.eclipse.jdt.ui,3.7.2.v20120109-1427,"org.eclipse.jdt.ui.ClassFileEditor",1442415044758
closed,editor,org.eclipse.jdt.ui,3.7.2.v20120109-1427,"org.eclipse.jdt.ui.CompilationUnitEditor",1442415044811
activated,editor,org.eclipse.jdt.ui,3.7.2.v20120109-1427,"org.eclipse.jdt.ui.CompilationUnitEditor",1442415051558
executed,command,org.eclipse.ui,3.7.0.v20110928-1505,"org.eclipse.ui.navigate.backwardHistory",1442415051575
activated,editor,org.eclipse.jdt.ui,3.7.2.v20120109-1427,"org.eclipse.jdt.ui.CompilationUnitEditor",1442415056478
activated,editor,org.eclipse.jdt.ui,3.7.2.v20120109-1427,"org.eclipse.jdt.ui.CompilationUnitEditor",1442415057754
executed,command,org.eclipse.ui,3.7.0.v20110928-1505,"org.eclipse.ui.navigate.backwardHistory",1442415057766
deactivated,workbench,org.eclipse.ui.workbench,3.7.1.v20120104-1859,"",1442415061171
activated,workbench,org.eclipse.ui.workbench,3.7.1.v20120104-1859,"",1442415061248
activated,editor,org.eclipse.jdt.ui,3.7.2.v20120109-1427,"org.eclipse.jdt.ui.CompilationUnitEditor",1442415061453
executed,command,,,"AUTOGEN:::org.eclipse.jdt.debug.CompilationUnitEditor.BreakpointRulerActions/org.eclipse.jdt.debug.ui.actions.ManageBreakpointRulerAction",1442415067232
executed,command,org.eclipse.debug.ui,3.7.102.v20111129-1423_r372,"org.eclipse.debug.ui.commands.Resume",1442415068663
activated,view,org.eclipse.debug.ui,3.7.102.v20111129-1423_r372,"org.eclipse.debug.ui.DebugView",1442415068750
activated,editor,org.eclipse.jdt.ui,3.7.2.v20120109-1427,"org.eclipse.jdt.ui.CompilationUnitEditor",1442415069620
executed,command,org.eclipse.debug.ui,3.7.102.v20111129-1423_r372,"org.eclipse.debug.ui.commands.StepOver",1442415072179
executed,command,org.eclipse.debug.ui,3.7.102.v20111129-1423_r372,"org.eclipse.debug.ui.commands.StepOver",1442415072838
executed,command,org.eclipse.debug.ui,3.7.102.v20111129-1423_r372,"org.eclipse.debug.ui.commands.StepOver",1442415073641
executed,command,org.eclipse.debug.ui,3.7.102.v20111129-1423_r372,"org.eclipse.debug.ui.commands.StepOver",1442415074379
executed,command,org.eclipse.debug.ui,3.7.102.v20111129-1423_r372,"org.eclipse.debug.ui.commands.StepOver",1442415076344
deactivated,workbench,org.eclipse.ui.workbench,3.7.1.v20120104-1859,"",1442415079307
activated,workbench,org.eclipse.ui.workbench,3.7.1.v20120104-1859,"",1442415083385
executed,command,org.eclipse.debug.ui,3.7.102.v20111129-1423_r372,"org.eclipse.debug.ui.commands.StepOver",1442415085368
executed,command,org.eclipse.debug.ui,3.7.102.v20111129-1423_r372,"org.eclipse.debug.ui.commands.StepOver",1442415085881
activated,view,org.eclipse.ui.console,3.5.100.v20111007_r372,"org.eclipse.ui.console.ConsoleView",1442415089037
activated,editor,org.eclipse.jdt.ui,3.7.2.v20120109-1427,"org.eclipse.jdt.ui.CompilationUnitEditor",1442415091859
executed,command,org.eclipse.debug.ui,3.7.102.v20111129-1423_r372,"org.eclipse.debug.ui.commands.StepOver",1442415098946
executed,command,org.eclipse.debug.ui,3.7.102.v20111129-1423_r372,"org.eclipse.debug.ui.commands.StepOver",1442415099569
deactivated,workbench,org.eclipse.ui.workbench,3.7.1.v20120104-1859,"",1442415103120
activated,workbench,org.eclipse.ui.workbench,3.7.1.v20120104-1859,"",1442415103222
activated,editor,org.eclipse.jdt.ui,3.7.2.v20120109-1427,"org.eclipse.jdt.ui.ClassFileEditor",1442415103353
executed,command,,,"AUTOGEN:::org.eclipse.jdt.debug.ClassFileEditor.BreakpointRulerActions/org.eclipse.jdt.debug.ui.actions.ManageBreakpointRulerAction",1442415106752
executed,command,org.eclipse.debug.ui,3.7.102.v20111129-1423_r372,"org.eclipse.debug.ui.commands.StepOver",1442415108823
activated,editor,org.eclipse.jdt.ui,3.7.2.v20120109-1427,"org.eclipse.jdt.ui.CompilationUnitEditor",1442415108875
executed,command,org.eclipse.debug.ui,3.7.102.v20111129-1423_r372,"org.eclipse.debug.ui.commands.StepOver",1442415109755
activated,view,org.eclipse.debug.ui,3.7.102.v20111129-1423_r372,"org.eclipse.debug.ui.DebugView",1442415109893
activated,editor,org.eclipse.jdt.ui,3.7.2.v20120109-1427,"org.eclipse.jdt.ui.ClassFileEditor",1442415110784
deactivated,workbench,org.eclipse.ui.workbench,3.7.1.v20120104-1859,"",1442415114225
activated,workbench,org.eclipse.ui.workbench,3.7.1.v20120104-1859,"",1442415114298
executed,command,,,"AUTOGEN:::org.eclipse.jdt.debug.ClassFileEditor.BreakpointRulerActions/org.eclipse.jdt.debug.ui.actions.ManageBreakpointRulerAction",1442415116222
executed,command,org.eclipse.debug.ui,3.7.102.v20111129-1423_r372,"org.eclipse.debug.ui.commands.StepOver",1442415117288
executed,command,org.eclipse.debug.ui,3.7.102.v20111129-1423_r372,"org.eclipse.debug.ui.commands.StepOver",1442415118129
executed,command,org.eclipse.debug.ui,3.7.102.v20111129-1423_r372,"org.eclipse.debug.ui.commands.StepOver",1442415118499
activated,view,org.eclipse.debug.ui,3.7.102.v20111129-1423_r372,"org.eclipse.debug.ui.DebugView",1442415118585
activated,editor,org.eclipse.jdt.ui,3.7.2.v20120109-1427,"org.eclipse.jdt.ui.ClassFileEditor",1442415119274
executed,command,org.eclipse.debug.ui,3.7.102.v20111129-1423_r372,"org.eclipse.debug.ui.commands.StepOver",1442415120611
executed,command,org.eclipse.debug.ui,3.7.102.v20111129-1423_r372,"org.eclipse.debug.ui.commands.StepOver",1442415136666
executed,command,org.eclipse.debug.ui,3.7.102.v20111129-1423_r372,"org.eclipse.debug.ui.commands.StepOver",1442415146376
deactivated,workbench,org.eclipse.ui.workbench,3.7.1.v20120104-1859,"",1442415148928
activated,workbench,org.eclipse.ui.workbench,3.7.1.v20120104-1859,"",1442415149025
deactivated,workbench,org.eclipse.ui.workbench,3.7.1.v20120104-1859,"",1442415149282
activated,workbench,org.eclipse.ui.workbench,3.7.1.v20120104-1859,"",1442415152600
activated,editor,org.eclipse.jdt.ui,3.7.2.v20120109-1427,"org.eclipse.jdt.ui.ClassFileEditor",1442415152636
executed,command,,,"AUTOGEN:::org.eclipse.jdt.debug.ClassFileEditor.BreakpointRulerActions/org.eclipse.jdt.debug.ui.actions.ManageBreakpointRulerAction",1442415155088
executed,command,org.eclipse.debug.ui,3.7.102.v20111129-1423_r372,"org.eclipse.debug.ui.commands.StepOver",1442415164676
activated,editor,org.eclipse.jdt.ui,3.7.2.v20120109-1427,"org.eclipse.jdt.ui.ClassFileEditor",1442415164707
executed,command,org.eclipse.ui,3.7.0.v20110928-1505,"org.eclipse.ui.navigate.backwardHistory",1442415174093
deactivated,workbench,org.eclipse.ui.workbench,3.7.1.v20120104-1859,"",1442415176200
activated,workbench,org.eclipse.ui.workbench,3.7.1.v20120104-1859,"",1442415176303
deactivated,workbench,org.eclipse.ui.workbench,3.7.1.v20120104-1859,"",1442415176623
activated,workbench,org.eclipse.ui.workbench,3.7.1.v20120104-1859,"",1442415177988
executed,command,,,"AUTOGEN:::org.eclipse.jdt.debug.ClassFileEditor.BreakpointRulerActions/org.eclipse.jdt.debug.ui.actions.ManageBreakpointRulerAction",1442415181560
activated,view,org.eclipse.ui.console,3.5.100.v20111007_r372,"org.eclipse.ui.console.ConsoleView",1442415183251
activated,editor,org.eclipse.jdt.ui,3.7.2.v20120109-1427,"org.eclipse.jdt.ui.ClassFileEditor",1442415191789
deactivated,workbench,org.eclipse.ui.workbench,3.7.1.v20120104-1859,"",1442415191821
activated,workbench,org.eclipse.ui.workbench,3.7.1.v20120104-1859,"",1442415194555
activated,editor,org.eclipse.jdt.ui,3.7.2.v20120109-1427,"org.eclipse.jdt.ui.CompilationUnitEditor",1442415194594
activated,editor,org.eclipse.jdt.ui,3.7.2.v20120109-1427,"org.eclipse.jdt.ui.CompilationUnitEditor",1442415197726
activated,editor,org.eclipse.jdt.ui,3.7.2.v20120109-1427,"org.eclipse.jdt.ui.CompilationUnitEditor",1442415199033
activated,editor,org.eclipse.jdt.ui,3.7.2.v20120109-1427,"org.eclipse.jdt.ui.ClassFileEditor",1442415205397
opened,view,org.eclipse.search,3.7.0.v20110928-1504,"org.eclipse.search.ui.views.SearchView",1442415215222
activated,view,org.eclipse.search,3.7.0.v20110928-1504,"org.eclipse.search.ui.views.SearchView",1442415215262
activated,editor,org.eclipse.jdt.ui,3.7.2.v20120109-1427,"org.eclipse.jdt.ui.ClassFileEditor",1442415215940
activated,view,org.eclipse.debug.ui,3.7.102.v20111129-1423_r372,"org.eclipse.debug.ui.BreakpointView",1442415216426
deactivated,workbench,org.eclipse.ui.workbench,3.7.1.v20120104-1859,"",1442415217696
activated,workbench,org.eclipse.ui.workbench,3.7.1.v20120104-1859,"",1442415218624
activated,editor,org.eclipse.jdt.ui,3.7.2.v20120109-1427,"org.eclipse.jdt.ui.ClassFileEditor",1442415220249
executed,command,,,"AUTOGEN:::org.eclipse.jdt.debug.ClassFileEditor.BreakpointRulerActions/org.eclipse.jdt.debug.ui.actions.ManageBreakpointRulerAction",1442415220407
activated,editor,org.eclipse.jdt.ui,3.7.2.v20120109-1427,"org.eclipse.jdt.ui.CompilationUnitEditor",1442415222201
executed,command,org.eclipse.jdt.debug.ui,3.6.1.v20111006_r372,"org.eclipse.jdt.debug.ui.localJavaShortcut.debug",1442415224250
deactivated,workbench,org.eclipse.ui.workbench,3.7.1.v20120104-1859,"",1442415224261
activated,workbench,org.eclipse.ui.workbench,3.7.1.v20120104-1859,"",1442415225895
activated,view,org.eclipse.debug.ui,3.7.102.v20111129-1423_r372,"org.eclipse.debug.ui.DebugView",1442415227300
activated,editor,org.eclipse.jdt.ui,3.7.2.v20120109-1427,"org.eclipse.jdt.ui.ClassFileEditor",1442415228559
executed,command,org.eclipse.debug.ui,3.7.102.v20111129-1423_r372,"org.eclipse.debug.ui.commands.StepOver",1442415236241
executed,command,org.eclipse.debug.ui,3.7.102.v20111129-1423_r372,"org.eclipse.debug.ui.commands.StepOver",1442415237273
executed,command,org.eclipse.debug.ui,3.7.102.v20111129-1423_r372,"org.eclipse.debug.ui.commands.StepOver",1442415238174
executed,command,org.eclipse.debug.ui,3.7.102.v20111129-1423_r372,"org.eclipse.debug.ui.commands.StepOver",1442415239464
executed,command,org.eclipse.debug.ui,3.7.102.v20111129-1423_r372,"org.eclipse.debug.ui.commands.StepOver",1442415239947
executed,command,org.eclipse.debug.ui,3.7.102.v20111129-1423_r372,"org.eclipse.debug.ui.commands.StepOver",1442415240404
executed,command,org.eclipse.debug.ui,3.7.102.v20111129-1423_r372,"org.eclipse.debug.ui.commands.StepOver",1442415242857
executed,command,org.eclipse.debug.ui,3.7.102.v20111129-1423_r372,"org.eclipse.debug.ui.commands.StepOver",1442415246325
executed,command,org.eclipse.debug.ui,3.7.102.v20111129-1423_r372,"org.eclipse.debug.ui.commands.StepOver",1442415247706
activated,editor,org.eclipse.jdt.ui,3.7.2.v20120109-1427,"org.eclipse.jdt.ui.CompilationUnitEditor",1442415256980
activated,editor,org.eclipse.jdt.ui,3.7.2.v20120109-1427,"org.eclipse.jdt.ui.CompilationUnitEditor",1442415259204
deactivated,workbench,org.eclipse.ui.workbench,3.7.1.v20120104-1859,"",1442415261877
activated,workbench,org.eclipse.ui.workbench,3.7.1.v20120104-1859,"",1442415261977
activated,editor,org.eclipse.jdt.ui,3.7.2.v20120109-1427,"org.eclipse.jdt.ui.CompilationUnitEditor",1442415262158
deactivated,workbench,org.eclipse.ui.workbench,3.7.1.v20120104-1859,"",1442415263873
activated,workbench,org.eclipse.ui.workbench,3.7.1.v20120104-1859,"",1442415263939
deactivated,workbench,org.eclipse.ui.workbench,3.7.1.v20120104-1859,"",1442415268066
activated,workbench,org.eclipse.ui.workbench,3.7.1.v20120104-1859,"",1442415268194
activated,editor,org.eclipse.jdt.ui,3.7.2.v20120109-1427,"org.eclipse.jdt.ui.ClassFileEditor",1442415268332
executed,command,org.eclipse.ui,3.7.0.v20110928-1505,"org.eclipse.ui.navigate.backwardHistory",1442415275319
executed,command,org.eclipse.ui,3.7.0.v20110928-1505,"org.eclipse.ui.navigate.backwardHistory",1442415276950
executed,command,org.eclipse.ui,3.7.0.v20110928-1505,"org.eclipse.ui.navigate.backwardHistory",1442415277882
executed,command,org.eclipse.ui,3.7.0.v20110928-1505,"org.eclipse.ui.navigate.backwardHistory",1442415278875
activated,editor,org.eclipse.jdt.ui,3.7.2.v20120109-1427,"org.eclipse.jdt.ui.CompilationUnitEditor",1442415279354
executed,command,org.eclipse.ui,3.7.0.v20110928-1505,"org.eclipse.ui.navigate.backwardHistory",1442415279368
activated,editor,org.eclipse.jdt.ui,3.7.2.v20120109-1427,"org.eclipse.jdt.ui.ClassFileEditor",1442415280963
executed,command,org.eclipse.ui,3.7.0.v20110928-1505,"org.eclipse.ui.navigate.forwardHistory",1442415280983
executed,command,org.eclipse.ui,3.7.0.v20110928-1505,"org.eclipse.ui.navigate.forwardHistory",1442415281492
executed,command,org.eclipse.ui,3.7.0.v20110928-1505,"org.eclipse.ui.navigate.forwardHistory",1442415281917
executed,command,org.eclipse.ui,3.7.0.v20110928-1505,"org.eclipse.ui.navigate.forwardHistory",1442415283475
executed,command,org.eclipse.ui,3.7.0.v20110928-1505,"org.eclipse.ui.navigate.forwardHistory",1442415283922
activated,editor,org.eclipse.jdt.ui,3.7.2.v20120109-1427,"org.eclipse.jdt.ui.CompilationUnitEditor",1442415291223
activated,editor,org.eclipse.jdt.ui,3.7.2.v20120109-1427,"org.eclipse.jdt.ui.CompilationUnitEditor",1442415292696
deactivated,workbench,org.eclipse.ui.workbench,3.7.1.v20120104-1859,"",1442415295339
activated,workbench,org.eclipse.ui.workbench,3.7.1.v20120104-1859,"",1442415295463
activated,editor,org.eclipse.jdt.ui,3.7.2.v20120109-1427,"org.eclipse.jdt.ui.CompilationUnitEditor",1442415295657
deactivated,workbench,org.eclipse.ui.workbench,3.7.1.v20120104-1859,"",1442415310241
activated,workbench,org.eclipse.ui.workbench,3.7.1.v20120104-1859,"",1442415310361
activated,editor,org.eclipse.jdt.ui,3.7.2.v20120109-1427,"org.eclipse.jdt.ui.ClassFileEditor",1442415310399
deactivated,workbench,org.eclipse.ui.workbench,3.7.1.v20120104-1859,"",1442415314417
activated,workbench,org.eclipse.ui.workbench,3.7.1.v20120104-1859,"",1442415314533
deactivated,workbench,org.eclipse.ui.workbench,3.7.1.v20120104-1859,"",1442415316753
activated,workbench,org.eclipse.ui.workbench,3.7.1.v20120104-1859,"",1442415316839
executed,command,org.eclipse.debug.ui,3.7.102.v20111129-1423_r372,"org.eclipse.debug.ui.commands.StepOver",1442415320354
executed,command,org.eclipse.debug.ui,3.7.102.v20111129-1423_r372,"org.eclipse.debug.ui.commands.StepOver",1442415321111
executed,command,org.eclipse.debug.ui,3.7.102.v20111129-1423_r372,"org.eclipse.debug.ui.commands.StepOver",1442415331575
executed,command,org.eclipse.debug.ui,3.7.102.v20111129-1423_r372,"org.eclipse.debug.ui.commands.StepOver",1442415333345
executed,command,org.eclipse.debug.ui,3.7.102.v20111129-1423_r372,"org.eclipse.debug.ui.commands.StepOver",1442415333696
executed,command,org.eclipse.debug.ui,3.7.102.v20111129-1423_r372,"org.eclipse.debug.ui.commands.StepOver",1442415333996
executed,command,org.eclipse.debug.ui,3.7.102.v20111129-1423_r372,"org.eclipse.debug.ui.commands.StepOver",1442415334375
executed,command,org.eclipse.debug.ui,3.7.102.v20111129-1423_r372,"org.eclipse.debug.ui.commands.StepOver",1442415342604
activated,view,org.eclipse.ui.console,3.5.100.v20111007_r372,"org.eclipse.ui.console.ConsoleView",1442415344300
activated,editor,org.eclipse.jdt.ui,3.7.2.v20120109-1427,"org.eclipse.jdt.ui.ClassFileEditor",1442415437059
executed,command,org.eclipse.debug.ui,3.7.102.v20111129-1423_r372,"org.eclipse.debug.ui.commands.StepOver",1442415438098
executed,command,org.eclipse.debug.ui,3.7.102.v20111129-1423_r372,"org.eclipse.debug.ui.commands.Resume",1442415439465
activated,view,org.eclipse.debug.ui,3.7.102.v20111129-1423_r372,"org.eclipse.debug.ui.DebugView",1442415439552
activated,editor,org.eclipse.jdt.ui,3.7.2.v20120109-1427,"org.eclipse.jdt.ui.ClassFileEditor",1442415440840
executed,command,org.eclipse.debug.ui,3.7.102.v20111129-1423_r372,"org.eclipse.debug.ui.commands.Resume",1442415443562
activated,view,org.eclipse.debug.ui,3.7.102.v20111129-1423_r372,"org.eclipse.debug.ui.DebugView",1442415444816
activated,editor,org.eclipse.jdt.ui,3.7.2.v20120109-1427,"org.eclipse.jdt.ui.ClassFileEditor",1442415445771
executed,command,org.eclipse.debug.ui,3.7.102.v20111129-1423_r372,"org.eclipse.debug.ui.commands.Resume",1442415446149
activated,view,org.eclipse.debug.ui,3.7.102.v20111129-1423_r372,"org.eclipse.debug.ui.DebugView",1442415446441
activated,editor,org.eclipse.jdt.ui,3.7.2.v20120109-1427,"org.eclipse.jdt.ui.ClassFileEditor",1442415447171
executed,command,org.eclipse.debug.ui,3.7.102.v20111129-1423_r372,"org.eclipse.debug.ui.commands.Resume",1442415447543
activated,view,org.eclipse.debug.ui,3.7.102.v20111129-1423_r372,"org.eclipse.debug.ui.DebugView",1442415447638
executed,command,org.eclipse.debug.ui,3.7.102.v20111129-1423_r372,"org.eclipse.debug.ui.commands.Resume",1442415448259
executed,command,org.eclipse.debug.ui,3.7.102.v20111129-1423_r372,"org.eclipse.debug.ui.commands.Resume",1442415448782
activated,editor,org.eclipse.jdt.ui,3.7.2.v20120109-1427,"org.eclipse.jdt.ui.ClassFileEditor",1442415450706
executed,command,org.eclipse.debug.ui,3.7.102.v20111129-1423_r372,"org.eclipse.debug.ui.commands.Resume",1442415452576
activated,view,org.eclipse.debug.ui,3.7.102.v20111129-1423_r372,"org.eclipse.debug.ui.DebugView",1442415452650
executed,command,org.eclipse.debug.ui,3.7.102.v20111129-1423_r372,"org.eclipse.debug.ui.commands.Resume",1442415456282
activated,editor,org.eclipse.jdt.ui,3.7.2.v20120109-1427,"org.eclipse.jdt.ui.ClassFileEditor",1442415457492
executed,command,,,"AUTOGEN:::org.eclipse.jdt.debug.ClassFileEditor.BreakpointRulerActions/org.eclipse.jdt.debug.ui.actions.ManageBreakpointRulerAction",1442415459864
executed,command,org.eclipse.debug.ui,3.7.102.v20111129-1423_r372,"org.eclipse.debug.ui.commands.Resume",1442415460296
activated,view,org.eclipse.ui.console,3.5.100.v20111007_r372,"org.eclipse.ui.console.ConsoleView",1442415462421
activated,editor,org.eclipse.jdt.ui,3.7.2.v20120109-1427,"org.eclipse.jdt.ui.ClassFileEditor",1442415464730
activated,editor,org.eclipse.jdt.ui,3.7.2.v20120109-1427,"org.eclipse.jdt.ui.CompilationUnitEditor",1442415465200
executed,command,,,"AUTOGEN:::org.eclipse.jdt.debug.CompilationUnitEditor.BreakpointRulerActions/org.eclipse.jdt.debug.ui.actions.ManageBreakpointRulerAction",1442415471964
activated,editor,org.eclipse.jdt.ui,3.7.2.v20120109-1427,"org.eclipse.jdt.ui.CompilationUnitEditor",1442415474048
activated,view,org.eclipse.ui.console,3.5.100.v20111007_r372,"org.eclipse.ui.console.ConsoleView",1442415477285
activated,editor,org.eclipse.jdt.ui,3.7.2.v20120109-1427,"org.eclipse.jdt.ui.CompilationUnitEditor",1442415478102
executed,command,org.eclipse.jdt.debug.ui,3.6.1.v20111006_r372,"org.eclipse.jdt.debug.ui.localJavaShortcut.debug",1442415480885
deactivated,workbench,org.eclipse.ui.workbench,3.7.1.v20120104-1859,"",1442415480896
